"","1","2","3","4","5"
"3e36",0.00525323098390806,0,0,0,0
"人力",0.00166734297322671,0.00365739748965859,0,0,0.00200262389719078
"人工",0.00525323098390806,0,0,0,0
"人員",0.00166734297322671,0.0018286987448293,0,0.00180187186837703,0
"人數",0.00525323098390806,0,0,0,0
"上述",0.00525323098390806,0,0,0,0
"小小",0.00525323098390806,0,0,0,0
"工均",0.00525323098390806,0,0,0,0
"丑掩",0.00525323098390806,0,0,0,0
"不大",0.00525323098390806,0,0,0,0
"不可",0.00525323098390806,0,0,0,0
"不同",0.000728344106080005,0,0.00086539810453592,0.00157422051289664,0.00087480460567218
"不便",0.00525323098390806,0,0,0,0
"不便險",0.00525323098390806,0,0,0,0
"中介",0.00525323098390806,0,0,0,0
"中間",0.00525323098390806,0,0,0,0
"中轉",0.0157596929517242,0,0,0,0
"丹此",0.00525323098390806,0,0,0,0
"之冠",0.00525323098390806,0,0,0,0
"互通",0.00299078754499403,0,0,0,0.00359219591002001
"仇成",0.00525323098390806,0,0,0,0
"仇過",0.00525323098390806,0,0,0,0
"仍得",0.00525323098390806,0,0,0,0
"公雲明",0.00525323098390806,0,0,0,0
"公證人",0.00598157508998807,0,0,0,0.00359219591002001
"分享",0.00299078754499403,0,0,0.00323209803150944,0
"手續",0.00299078754499403,0,0,0,0.00359219591002001
"支出",0.00299078754499403,0,0,0,0.00359219591002001
"方式",0.00299078754499403,0,0,0,0.00718439182004001
"方便",0.00525323098390806,0,0,0,0
"主動",0.00525323098390806,0,0,0,0
"以太",0.00299078754499403,0,0,0,0.00359219591002001
"付款",0.0105064619678161,0,0,0,0
"令人",0.00299078754499403,0.00328021859773539,0,0,0
"出險",0.00299078754499403,0,0,0,0.00359219591002001
"可分",0.00525323098390806,0,0,0,0
"可信任",0.00525323098390806,0,0,0,0
"可追蹤",0.00525323098390806,0,0,0,0
"可望",0.00598157508998807,0,0.00355357014754667,0,0
"可達",0.00299078754499403,0.00328021859773539,0,0,0
"另奶個",0.00525323098390806,0,0,0,0
"它炭",0.00525323098390806,0,0,0,0
"市場",0.000728344106080005,0.00239648705871486,0.00173079620907184,0,0.00087480460567218
"布達",0.00299078754499403,0,0,0,0.00359219591002001
"平台",0.00833671486613355,0,0.0019810903068984,0,0.0100131194859539
"平均",0.00299078754499403,0,0,0.00646419606301889,0
"幼纂",0.00525323098390806,0,0,0,0
"未能",0.00525323098390806,0,0,0,0
"民眾",0.00166734297322671,0,0,0.00180187186837703,0.00400524779438156
"生態",0.00525323098390806,0,0,0,0
"申保",0.00525323098390806,0,0,0,0
"申請",0.00666937189290684,0,0,0.00180187186837703,0.00200262389719078
"申賠",0.00525323098390806,0,0,0,0
"目前",0.000728344106080005,0.000798829019571619,0.0043269905226796,0.000787110256448319,0
"交易",0.0105064619678161,0,0,0,0
"全球",0.00525323098390806,0,0,0,0
"再將",0.00525323098390806,0,0,0,0
"各方",0.00525323098390806,0,0,0,0
"各類",0.00299078754499403,0,0.00710714029509335,0,0
"地區",0.00525323098390806,0,0,0,0
"好處",0.00525323098390806,0,0,0,0
"安全性",0.00299078754499403,0,0.00355357014754667,0,0
"忖謔",0.00525323098390806,0,0,0,0
"成本",0.00364172053040003,0.00159765803914324,0,0.000787110256448319,0.00174960921134436
"成員",0.00525323098390806,0,0,0,0
"收款",0.00525323098390806,0,0,0,0
"收款人",0.0105064619678161,0,0,0,0
"旬霂延",0.00525323098390806,0,0,0,0
"有助於",0.0089723626349821,0,0,0,0.00359219591002001
"有效",0.00299078754499403,0,0,0.00323209803150944,0
"有過",0.00525323098390806,0,0,0,0
"此幼",0.00525323098390806,0,0,0,0
"池頃",0.00525323098390806,0,0,0,0
"自動",0.00145668821216001,0.000798829019571619,0.00778858294082328,0,0.00087480460567218
"自動化",0.00145668821216001,0.000798829019571619,0.00173079620907184,0,0.00087480460567218
"至今",0.00525323098390806,0,0,0,0
"至國",0.00525323098390806,0,0,0,0
"行先將",0.00525323098390806,0,0,0,0
"免去",0.00525323098390806,0,0,0,0
"即時",0.00299078754499403,0,0,0,0.00359219591002001
"吸引",0.00166734297322671,0,0.0019810903068984,0,0.00200262389719078
"投入",0.00299078754499403,0,0.00710714029509335,0,0
"投保",0.00299078754499403,0,0,0,0.00359219591002001
"改善",0.00299078754499403,0.00328021859773539,0,0,0
"改變",0.00598157508998807,0,0,0.00323209803150944,0
"更具",0.00299078754499403,0,0,0,0.00359219591002001
"每筆",0.00525323098390806,0,0,0,0
"角色",0.00525323098390806,0,0,0,0
"並且",0.0105064619678161,0,0,0,0
"並未",0.00525323098390806,0,0,0,0
"並非",0.00299078754499403,0,0,0,0.00359219591002001
"使用",0.000728344106080005,0.000798829019571619,0,0.00157422051289664,0.00087480460567218
"具備",0.00525323098390806,0,0,0,0
"其中",0.0105064619678161,0,0,0,0
"其他",0.00166734297322671,0,0,0.0054056156051311,0.00400524779438156
"到帳",0.00525323098390806,0,0,0,0
"協同",0.00166734297322671,0,0,0.00180187186837703,0.00200262389719078
"協助",0.00598157508998807,0.00328021859773539,0,0,0
"取消",0.00525323098390806,0,0,0,0
"取得",0.00525323098390806,0,0,0,0
"受到",0.00299078754499403,0,0.00355357014754667,0,0
"延遙",0.00525323098390806,0,0,0,0
"或謂",0.00525323098390806,0,0,0,0
"所在",0.00525323098390806,0,0,0,0
"所在地",0.0105064619678161,0,0,0,0
"服務商",0.00299078754499403,0,0.00355357014754667,0,0
"法定",0.0105064619678161,0,0,0,0
"爭相",0.00525323098390806,0,0,0,0
"直接",0.00299078754499403,0,0,0.00323209803150944,0
"近幾式",0.00525323098390806,0,0,0,0
"金流",0.00525323098390806,0,0,0,0
"金融",0.00333468594645342,0,0,0.0216224624205244,0.0240314867662893
"金融機構",0.00299078754499403,0,0,0.00646419606301889,0
"金額",0.00666937189290684,0,0,0.00180187186837703,0.00400524779438156
"信匯",0.00525323098390806,0,0,0,0
"保戶",0.00333468594645342,0.0018286987448293,0,0,0.00400524779438156
"保費",0.00299078754499403,0,0,0,0.00718439182004001
"保險",0.00509840874256004,0.00239648705871486,0,0.000787110256448319,0.0087480460567218
"保險公司",0.011671400812587,0.00365739748965859,0,0,0.0100131194859539
"則可",0.00525323098390806,0,0,0,0
"契約",0.00598157508998807,0,0,0,0.01077658773006
"建立",0.00598157508998807,0,0,0.00323209803150944,0
"持續",0.00525323098390806,0,0,0,0
"既有",0.00525323098390806,0,0,0,0
"是尹",0.00525323098390806,0,0,0,0
"查核",0.00525323098390806,0,0,0,0
"查勘",0.00299078754499403,0,0,0,0.00359219591002001
"流失",0.00525323098390806,0,0,0,0
"流窗",0.00525323098390806,0,0,0,0
"流筐",0.00525323098390806,0,0,0,0
"流筏",0.00299078754499403,0,0,0,0.00359219591002001
"為主",0.00166734297322671,0.0018286987448293,0.0019810903068984,0,0
"為例",0.00218503231824002,0.00159765803914324,0,0.00157422051289664,0.00087480460567218
"牯上",0.00525323098390806,0,0,0,0
"省力",0.00525323098390806,0,0,0,0
"省時",0.00525323098390806,0,0,0,0
"相關",0.00218503231824002,0.00159765803914324,0,0.00157422051289664,0.00262441381701654
"看出",0.00525323098390806,0,0,0,0
"研究",0.00299078754499403,0,0,0.00323209803150944,0
"紀錄",0.00333468594645342,0,0.0019810903068984,0,0.00600787169157233
"美元",0.00299078754499403,0.00656043719547078,0,0,0
"計算",0.00299078754499403,0,0,0,0.00359219591002001
"負責",0.00525323098390806,0,0,0,0
"降低",0.00500202891968013,0.00365739748965859,0,0,0.00200262389719078
"乘客",0.00166734297322671,0.0018286987448293,0.0019810903068984,0,0
"原朽",0.00525323098390806,0,0,0,0
"息息相關",0.00299078754499403,0,0,0,0.00359219591002001
"效益",0.00299078754499403,0,0,0,0.00359219591002001
"效率",0.00166734297322671,0.0018286987448293,0,0,0.00200262389719078
"旅行",0.0105064619678161,0,0,0,0
"旅客",0.0105064619678161,0,0,0,0
"核保",0.00525323098390806,0,0,0,0
"核賠",0.00299078754499403,0,0,0,0.00359219591002001
"案件",0.00598157508998807,0,0,0,0.00359219591002001
"案例",0.00299078754499403,0.00328021859773539,0,0,0
"根據",0.00333468594645342,0.0018286987448293,0,0,0.00200262389719078
"浪費",0.00525323098390806,0,0,0,0
"消費者",0.00500202891968013,0,0,0.00180187186837703,0.00600787169157233
"特定",0.00299078754499403,0,0.00355357014754667,0,0
"特性",0.00525323098390806,0,0,0,0
"耗時",0.00525323098390806,0,0,0,0
"航空公司",0.0105064619678161,0,0,0,0
"航班",0.0119631501799761,0,0,0,0.00718439182004001
"訊息",0.00525323098390806,0,0,0,0
"除了",0.00166734297322671,0.0018286987448293,0,0,0.00200262389719078
"勘查",0.00525323098390806,0,0,0,0
"區塊",0.0328986629949344,0,0,0,0.01077658773006
"商楫務",0.00525323098390806,0,0,0,0
"商溶",0.00525323098390806,0,0,0,0
"商溝",0.00525323098390806,0,0,0,0
"問央其",0.00525323098390806,0,0,0,0
"國際",0.0089723626349821,0,0,0,0.00359219591002001
"基於",0.00299078754499403,0,0,0,0.00359219591002001
"基礎",0.00525323098390806,0,0,0,0
"專楔",0.00299078754499403,0,0,0,0.00359219591002001
"帳戶",0.00166734297322671,0,0,0.00180187186837703,0.00200262389719078
"採用",0.00166734297322671,0,0.0019810903068984,0,0.00200262389719078
"採取",0.00299078754499403,0,0,0.00323209803150944,0
"清算",0.0210129239356322,0,0,0,0
"理賠",0.011671400812587,0.00548609623448789,0,0,0.00400524779438156
"票匯",0.00525323098390806,0,0,0,0
"移轉",0.0157596929517242,0,0,0,0
"第三方",0.00598157508998807,0,0,0.00969629409452833,0
"貨幣",0.0315193859034484,0,0,0,0
"通訊",0.00525323098390806,0,0,0,0
"通過",0.00525323098390806,0,0,0,0
"連結",0.00525323098390806,0,0,0,0
"透明性",0.00299078754499403,0,0,0,0.00359219591002001
"透過",0.00291337642432002,0.00239648705871486,0,0.00314844102579327,0.00349921842268872
"竟不達謎",0.00525323098390806,0,0,0,0
"最長",0.00525323098390806,0,0,0,0
"創新",0.000728344106080005,0.00159765803914324,0.00086539810453592,0.00236133076934496,0
"報告",0.00299078754499403,0.00984065579320617,0,0,0
"提供",0.00166734297322671,0,0,0.00180187186837703,0.00400524779438156
"提高",0.00299078754499403,0,0,0,0.00359219591002001
"提報",0.00299078754499403,0,0,0,0.00359219591002001
"款項",0.00525323098390806,0,0,0,0
"減少",0.00598157508998807,0,0,0,0.00359219591002001
"無形中",0.00525323098390806,0,0,0,0
"然而",0.00299078754499403,0,0.00710714029509335,0,0
"痛點",0.00525323098390806,0,0,0,0
"竣致",0.00525323098390806,0,0,0,0
"聒瑣",0.00525323098390806,0,0,0,0
"虛擬",0.0210129239356322,0,0,0,0
"費力",0.00525323098390806,0,0,0,0
"進而",0.00333468594645342,0,0.0019810903068984,0,0.00200262389719078
"進行",0.00166734297322671,0.0109721924689758,0,0,0.00200262389719078
"階段",0.00525323098390806,0,0,0,0
"傳統",0.00333468594645342,0.00365739748965859,0,0,0.00200262389719078
"傳遞",0.00525323098390806,0,0,0,0
"傳播",0.00525323098390806,0,0,0,0
"匯出",0.0105064619678161,0,0,0,0
"匯款",0.0630387718068967,0,0,0,0
"匯款人",0.0105064619678161,0,0,0,0
"意纂",0.00166734297322671,0,0.0019810903068984,0,0.00200262389719078
"當地",0.00299078754499403,0.00328021859773539,0,0,0
"當前",0.00525323098390806,0,0,0,0
"經酵",0.00299078754499403,0,0,0,0.00359219591002001
"經驗",0.00525323098390806,0,0,0,0
"資產",0.00166734297322671,0,0,0.00180187186837703,0.00200262389719078
"資源",0.00299078754499403,0,0,0.00323209803150944,0
"跨境",0.0315193859034484,0,0,0,0
"較大",0.00299078754499403,0,0,0,0.00359219591002001
"運用",0.00299078754499403,0,0,0,0.00359219591002001
"運妨",0.00525323098390806,0,0,0,0
"運算",0.00166734297322671,0,0.0019810903068984,0.0054056156051311,0
"達到",0.00299078754499403,0,0.00710714029509335,0,0
"過窗",0.00525323098390806,0,0,0,0
"過竣",0.00525323098390806,0,0,0,0
"電匯",0.00525323098390806,0,0,0,0
"徹底改變",0.00525323098390806,0,0,0,0
"管道",0.00525323098390806,0,0,0,0
"網際網路",0.00525323098390806,0,0,0,0
"銀行",0.00666937189290684,0,0,0.0108112312102622,0.00200262389719078
"銀行間",0.00525323098390806,0,0,0,0
"需求",0.000728344106080005,0.000798829019571619,0,0.000787110256448319,0.00087480460567218
"需要",0.00500202891968013,0,0.0019810903068984,0.00180187186837703,0
"價值",0.00525323098390806,0,0,0,0
"增進",0.00525323098390806,0,0,0,0
"模式",0.00333468594645342,0.00365739748965859,0,0.00180187186837703,0
"確實性",0.00299078754499403,0,0,0,0.00359219591002001
"複製",0.00525323098390806,0,0,0,0
"複雜",0.00166734297322671,0,0.00396218061379681,0,0.00200262389719078
"賠付",0.00299078754499403,0,0,0,0.00359219591002001
"賠筆",0.00299078754499403,0,0,0,0.00359219591002001
"賠過",0.00525323098390806,0,0,0,0
"橋接",0.00525323098390806,0,0,0,0
"機場",0.00525323098390806,0,0,0,0
"機構",0.00598157508998807,0,0,0.00323209803150944,0
"親自",0.00525323098390806,0,0,0,0
"辦理",0.00525323098390806,0,0,0,0
"險筆",0.00525323098390806,0,0,0,0
"優化",0.00525323098390806,0,0,0,0
"環境",0.00299078754499403,0,0.01066071044264,0,0
"縮短",0.00500202891968013,0.0018286987448293,0,0,0.00200262389719078
"螻閉",0.00525323098390806,0,0,0,0
"雖為",0.00525323098390806,0,0,0,0
"櫃台",0.00525323098390806,0,0,0,0
"竄改",0.00525323098390806,0,0,0,0
"簡化",0.00299078754499403,0,0,0,0.00359219591002001
"簡易",0.00525323098390806,0,0,0,0
"轉至",0.00299078754499403,0,0,0,0.00359219591002001
"轉換",0.0105064619678161,0,0,0,0
"雙贏",0.00299078754499403,0,0,0.00646419606301889,0
"繭展",0.00525323098390806,0,0,0,0
"證券",0.00299078754499403,0,0,0.00323209803150944,0
"證明",0.00525323098390806,0,0,0,0
"鏈新",0.00525323098390806,0,0,0,0
"關鍵",0.00299078754499403,0,0.00355357014754667,0,0
"觸發",0.00299078754499403,0,0,0,0.00359219591002001
"屬實",0.00525323098390806,0,0,0,0
"顯示",0.00525323098390806,0,0,0,0
"驗證",0.0210129239356322,0,0,0,0
"體驗",0.00299078754499403,0,0,0.00323209803150944,0
"矚目",0.00299078754499403,0.00328021859773539,0,0,0
"狴能",0.00525323098390806,0,0,0,0
"人機",0,0.00576160817589916,0,0,0
"人類",0,0.00328021859773539,0.00355357014754667,0,0
"大陸",0,0.00328021859773539,0,0.00323209803150944,0
"大幅",0,0.0115232163517983,0,0,0
"大量",0,0.00576160817589916,0,0,0
"大廠",0,0.00576160817589916,0,0,0
"小型",0,0.00576160817589916,0,0,0
"工具",0,0.00328021859773539,0,0,0.00359219591002001
"工給",0,0.00576160817589916,0,0,0
"不是",0,0.00576160817589916,0,0,0
"不僅",0,0.0115232163517983,0,0,0
"不慎",0,0.00576160817589916,0,0,0
"中國",0,0.00328021859773539,0,0.00323209803150944,0
"中澈",0,0.00576160817589916,0,0,0
"丰以",0,0.00576160817589916,0,0,0
"之用",0,0.00576160817589916,0,0,0
"什麼",0,0.00328021859773539,0,0.00323209803150944,0
"仍然",0,0.00328021859773539,0,0,0.00359219591002001
"分布",0,0.00328021859773539,0,0.00323209803150944,0
"分析",0,0.00365739748965859,0.0019810903068984,0.00360374373675406,0
"天上",0,0.00576160817589916,0,0,0
"天上飛",0,0.00576160817589916,0,0,0
"天空",0,0.00576160817589916,0,0,0
"天然氣",0,0.0115232163517983,0,0,0
"引領",0,0.00576160817589916,0,0,0
"手動",0,0.00576160817589916,0,0,0
"支援",0,0.00328021859773539,0,0.00323209803150944,0
"水下",0,0.0172848245276975,0,0,0
"水中",0,0.00576160817589916,0,0,0
"以及",0,0.00328021859773539,0.00355357014754667,0,0
"未來",0,0.000798829019571619,0.00086539810453592,0.00550977179513823,0.00262441381701654
"正在",0,0.00576160817589916,0,0,0
"生活",0,0.00328021859773539,0,0,0.01077658773006
"石油",0,0.0115232163517983,0,0,0
"交通",0,0.00328021859773539,0.00355357014754667,0,0
"任務",0,0.00576160817589916,0,0,0
"列出",0,0.00576160817589916,0,0,0
"列展",0,0.00576160817589916,0,0,0
"危險性",0,0.00576160817589916,0,0,0
"吉影",0,0.00576160817589916,0,0,0
"同於",0,0.00576160817589916,0,0,0
"各家",0,0.00576160817589916,0,0,0
"各種",0,0.00328021859773539,0,0.00323209803150944,0
"地底",0,0.00576160817589916,0,0,0
"地儔",0,0.00576160817589916,0,0,0
"地勳",0,0.00576160817589916,0,0,0
"多軸",0,0.0115232163517983,0,0,0
"如何",0,0.00328021859773539,0,0,0.00359219591002001
"忖隆",0,0.00576160817589916,0,0,0
"成像",0,0.00576160817589916,0,0,0
"早已",0,0.00576160817589916,0,0,0
"有楫",0,0.00576160817589916,0,0,0
"自拍器",0,0.00576160817589916,0,0,0
"自駕車",0,0.00328021859773539,0.0461964119181067,0,0
"位於",0,0.00576160817589916,0,0,0
"利用",0,0.00328021859773539,0,0.00323209803150944,0
"快遞",0,0.00576160817589916,0,0,0
"我們",0,0.00328021859773539,0.00355357014754667,0,0
"找出",0,0.00576160817589916,0,0,0
"改用",0,0.00576160817589916,0,0,0
"改成",0,0.00576160817589916,0,0,0
"更多",0,0.00576160817589916,0,0,0
"杜拜",0,0.00576160817589916,0,0,0
"每每",0,0.00576160817589916,0,0,0
"災損",0,0.00576160817589916,0,0,0
"私人",0,0.00576160817589916,0,0,0
"巡檢",0,0.0288080408794958,0,0,0
"並在",0,0.00576160817589916,0,0,0
"京東",0,0.00576160817589916,0,0,0
"依賴",0,0.00576160817589916,0,0,0
"例如",0,0.00319531607828648,0.00173079620907184,0.00236133076934496,0.00174960921134436
"兩人",0,0.00576160817589916,0,0,0
"取代",0,0.00576160817589916,0,0,0
"受限",0,0.00576160817589916,0,0,0
"受損",0,0.0230464327035966,0,0,0
"周遭",0,0.00576160817589916,0,0,0
"或者",0,0.0115232163517983,0,0,0
"或野",0,0.00576160817589916,0,0,0
"房屋",0,0.00576160817589916,0,0,0
"拍照",0,0.0115232163517983,0,0,0
"拍攝",0,0.0115232163517983,0,0,0
"昂貴",0,0.00576160817589916,0,0,0
"牧哄及",0,0.00576160817589916,0,0,0
"物流",0,0.0172848245276975,0,0,0
"狀況",0,0.00576160817589916,0,0,0
"疙悛",0,0.00576160817589916,0,0,0
"直升機",0,0.0172848245276975,0,0,0
"空中",0,0.00576160817589916,0,0,0
"空拍",0,0.00576160817589916,0,0,0
"近朵",0,0.00576160817589916,0,0,0
"亮相",0,0.00576160817589916,0,0,0
"前者",0,0.00576160817589916,0,0,0
"前衛",0,0.00576160817589916,0,0,0
"咱運妙",0,0.00576160817589916,0,0,0
"垂直",0,0.00576160817589916,0,0,0
"契機",0,0.00576160817589916,0,0,0
"威脅",0,0.00576160817589916,0,0,0
"屋頂",0,0.0115232163517983,0,0,0
"建議",0,0.00576160817589916,0,0,0
"思考",0,0.00576160817589916,0,0,0
"挖掘",0,0.00576160817589916,0,0,0
"拭目以待",0,0.00576160817589916,0,0,0
"施工",0,0.00576160817589916,0,0,0
"是圻",0,0.00576160817589916,0,0,0
"派遣",0,0.0115232163517983,0,0,0
"洩熊弘",0,0.00576160817589916,0,0,0
"為輔",0,0.00576160817589916,0,0,0
"甚至",0,0.00656043719547078,0,0,0.00718439182004001
"省時省力",0,0.00576160817589916,0,0,0
"科技領域",0,0.00328021859773539,0,0,0.00359219591002001
"美國",0,0.00548609623448789,0.00396218061379681,0,0.00200262389719078
"衍生",0,0.00576160817589916,0,0,0
"計畫",0,0.00576160817589916,0,0,0
"計筐",0,0.00576160817589916,0,0,0
"軌道",0,0.00576160817589916,0,0,0
"限制",0,0.00576160817589916,0,0,0
"降至",0,0.00576160817589916,0,0,0
"風力",0,0.0230464327035966,0,0,0
"風險",0,0.00328021859773539,0,0,0.01436878364008
"飛行器",0,0.0115232163517983,0,0,0
"乘坐",0,0.00576160817589916,0,0,0
"原本",0,0.00576160817589916,0,0,0
"原先",0,0.00576160817589916,0,0,0
"娛樂",0,0.00576160817589916,0,0,0
"容易",0,0.00328021859773539,0,0,0.00359219591002001
"展出",0,0.00576160817589916,0,0,0
"展示",0,0.00576160817589916,0,0,0
"效法",0,0.00576160817589916,0,0,0
"海中",0,0.00576160817589916,0,0,0
"海底",0,0.00576160817589916,0,0,0
"海神",0,0.00576160817589916,0,0,0
"紛紛",0,0.00576160817589916,0,0,0
"能源",0,0.0115232163517983,0,0,0
"航拍",0,0.0115232163517983,0,0,0
"針對",0,0.00656043719547078,0,0.00323209803150944,0
"除此",0,0.00328021859773539,0,0.00646419606301889,0
"高空",0,0.00576160817589916,0,0,0
"做法",0,0.00576160817589916,0,0,0
"國防",0,0.00576160817589916,0,0,0
"帶來",0,0.0018286987448293,0,0.00360374373675406,0.00200262389719078
"帶動",0,0.00328021859773539,0,0,0.00359219591002001
"得以",0,0.00576160817589916,0,0,0
"情況",0,0.0172848245276975,0,0,0
"情境",0,0.00576160817589916,0,0,0
"掃描",0,0.00576160817589916,0,0,0
"推出",0,0.0115232163517983,0,0,0
"產生",0,0.00656043719547078,0,0.00323209803150944,0
"產哄",0,0.0172848245276975,0,0,0
"產咻",0,0.00576160817589916,0,0,0
"產城",0,0.00576160817589916,0,0,0
"處理",0,0.00576160817589916,0,0,0
"規劃",0,0.00328021859773539,0,0.00323209803150944,0
"貨物",0,0.00328021859773539,0.00355357014754667,0,0
"這樣",0,0.00576160817589916,0,0,0
"造成",0,0.00576160817589916,0,0,0
"部分",0,0.0018286987448293,0.0019810903068984,0.00360374373675406,0
"釣魚",0,0.00576160817589916,0,0,0
"創造",0,0.00576160817589916,0,0,0
"富裕",0,0.00576160817589916,0,0,0
"幾旭",0,0.00576160817589916,0,0,0
"提升",0,0.00328021859773539,0,0.00323209803150944,0
"植被",0,0.00576160817589916,0,0,0
"無人",0,0.0230464327035966,0,0,0
"無人機",0,0.0979473389902858,0,0,0
"無不",0,0.00576160817589916,0,0,0
"發想",0,0.00576160817589916,0,0,0
"發電機",0,0.0230464327035966,0,0,0
"等損",0,0.00576160817589916,0,0,0
"筋陘膠",0,0.00576160817589916,0,0,0
"結合",0,0.0018286987448293,0,0.00180187186837703,0.00200262389719078
"結構",0,0.00576160817589916,0,0,0
"視野",0,0.00576160817589916,0,0,0
"評估",0,0.00365739748965859,0.0019810903068984,0,0.00600787169157233
"貼近生活",0,0.00576160817589916,0,0,0
"費用",0,0.00576160817589916,0,0,0
"距離",0,0.00576160817589916,0,0,0
"進入",0,0.00576160817589916,0,0,0
"順豐",0,0.00576160817589916,0,0,0
"搜救",0,0.00576160817589916,0,0,0
"損悚洩",0,0.00576160817589916,0,0,0
"損挈賠",0,0.00576160817589916,0,0,0
"損挾",0,0.00576160817589916,0,0,0
"新型",0,0.00576160817589916,0,0,0
"新創",0,0.00576160817589916,0,0,0
"溫軌",0,0.00576160817589916,0,0,0
"當紅",0,0.00576160817589916,0,0,0
"經濟",0,0.0115232163517983,0,0,0
"經濟效益",0,0.00576160817589916,0,0,0
"葉片",0,0.00576160817589916,0,0,0
"路線",0,0.00328021859773539,0.00355357014754667,0,0
"路線圖",0,0.00576160817589916,0,0,0
"載人",0,0.0115232163517983,0,0,0
"載客",0,0.00576160817589916,0,0,0
"農田",0,0.00576160817589916,0,0,0
"運送",0,0.00328021859773539,0.00355357014754667,0,0
"運輸",0,0.00984065579320617,0.00355357014754667,0,0
"遊戲",0,0.00576160817589916,0,0,0
"道路",0,0.00328021859773539,0.00710714029509335,0,0
"遇到",0,0.00576160817589916,0,0,0
"過去",0,0.00328021859773539,0,0,0.00359219591002001
"電信",0,0.00328021859773539,0,0.00323209803150944,0
"馴達",0,0.00576160817589916,0,0,0
"像是",0,0.00576160817589916,0,0,0
"團隊",0,0.0115232163517983,0,0,0
"瘋狂",0,0.00576160817589916,0,0,0
"瞄準",0,0.00576160817589916,0,0,0
"管理局",0,0.00576160817589916,0,0,0
"管線",0,0.0230464327035966,0,0,0
"臺灣",0,0.0018286987448293,0,0.00360374373675406,0.00200262389719078
"與陶",0,0.00576160817589916,0,0,0
"遠端",0,0.00576160817589916,0,0,0
"遙控",0,0.00576160817589916,0,0,0
"領域",0,0.0018286987448293,0,0.00180187186837703,0.00400524779438156
"颱風",0,0.00576160817589916,0,0,0
"影像",0,0.00656043719547078,0.00355357014754667,0,0
"德國",0,0.00576160817589916,0,0,0
"歐美",0,0.00576160817589916,0,0,0
"潛水",0,0.00576160817589916,0,0,0
"潛在",0,0.00576160817589916,0,0,0
"範疇",0,0.00576160817589916,0,0,0
"線路",0,0.00576160817589916,0,0,0
"膘翩",0,0.00576160817589916,0,0,0
"養殖",0,0.00576160817589916,0,0,0
"養殖場",0,0.00576160817589916,0,0,0
"操均",0,0.00576160817589916,0,0,0
"操控",0,0.00576160817589916,0,0,0
"機械",0,0.00576160817589916,0,0,0
"機楹",0,0.00576160817589916,0,0,0
"機器人",0,0.00576160817589916,0,0,0
"機體",0,0.00576160817589916,0,0,0
"獨家",0,0.00576160817589916,0,0,0
"興且",0,0.00576160817589916,0,0,0
"辨識",0,0.0018286987448293,0.0019810903068984,0,0.00200262389719078
"儲能",0,0.0115232163517983,0,0,0
"檢查",0,0.00576160817589916,0,0,0
"檢視",0,0.00576160817589916,0,0,0
"獲得",0,0.00328021859773539,0,0.00323209803150944,0
"聲納",0,0.00576160817589916,0,0,0
"還能",0,0.00576160817589916,0,0,0
"還將",0,0.00576160817589916,0,0,0
"攀爬",0,0.00576160817589916,0,0,0
"繪製",0,0.00576160817589916,0,0,0
"鏡頭",0,0.00576160817589916,0,0,0
"嚴重",0,0.00576160817589916,0,0,0
"攝影",0,0.00576160817589916,0,0,0
"攝錄",0,0.00576160817589916,0,0,0
"躋身",0,0.00576160817589916,0,0,0
"權力",0,0.00576160817589916,0,0,0
"權上",0,0.00576160817589916,0,0,0
"驚喜",0,0.00576160817589916,0,0,0
"3e31",0,0,0.00624174219055743,0,0
"3e39",0,0,0.00624174219055743,0,0
"3e61",0,0,0.00624174219055743,0,0
"613c",0,0,0.0124834843811149,0,0
"大車",0,0,0.00624174219055743,0,0
"大眾",0,0,0.0124834843811149,0,0
"工筐",0,0,0.00624174219055743,0,0
"工筑學楚",0,0,0.00624174219055743,0,0
"工溯腦",0,0,0.00624174219055743,0,0
"中著手",0,0,0.00624174219055743,0,0
"仍以",0,0,0.00624174219055743,0,0
"今表往",0,0,0.00624174219055743,0,0
"介入",0,0,0.00624174219055743,0,0
"元件",0,0,0.00624174219055743,0,0
"內難",0,0,0.00624174219055743,0,0
"分別",0,0,0.00624174219055743,0,0
"方面",0,0,0.00355357014754667,0.00323209803150944,0
"主要",0,0,0.00624174219055743,0,0
"主控",0,0,0.00624174219055743,0,0
"以計筐",0,0,0.00624174219055743,0,0
"出眺",0,0,0.00624174219055743,0,0
"半封閉",0,0,0.00624174219055743,0,0
"叫車",0,0,0.00624174219055743,0,0
"奶悼",0,0,0.00624174219055743,0,0
"必須",0,0,0.00624174219055743,0,0
"打飪",0,0,0.00624174219055743,0,0
"生產",0,0,0.00624174219055743,0,0
"目標",0,0,0.00624174219055743,0,0
"交通運輸",0,0,0.00624174219055743,0,0
"全面",0,0,0.00624174219055743,0,0
"同類",0,0,0.00624174219055743,0,0
"合妝",0,0,0.00624174219055743,0,0
"在於",0,0,0.00624174219055743,0,0
"多以",0,0,0.00624174219055743,0,0
"多數",0,0,0.0124834843811149,0,0
"多變",0,0,0.00624174219055743,0,0
"安裝",0,0,0.00624174219055743,0,0
"戌凳",0,0,0.00624174219055743,0,0
"成熟",0,0,0.00624174219055743,0,0
"收費",0,0,0.00355357014754667,0.00323209803150944,0
"早期",0,0,0.00624174219055743,0,0
"有機",0,0,0.00355357014754667,0.00969629409452833,0
"自用車",0,0,0.00624174219055743,0,0
"自我",0,0,0.00624174219055743,0,0
"行走",0,0,0.00624174219055743,0,0
"行車",0,0,0.00355357014754667,0,0.00359219591002001
"行駛",0,0,0.00710714029509335,0,0.00359219591002001
"行駛路線",0,0,0.00624174219055743,0,0
"克服",0,0,0.00624174219055743,0,0
"完全",0,0,0.00624174219055743,0,0
"完成",0,0,0.00624174219055743,0,0
"希望",0,0,0.00624174219055743,0,0
"投資",0,0,0.00355357014754667,0,0.00359219591002001
"更廣",0,0,0.00624174219055743,0,0
"汽車",0,0,0.01066071044264,0,0.01077658773006
"系統",0,0,0.00594327092069521,0.00180187186837703,0.00200262389719078
"系統控制",0,0,0.00624174219055743,0,0
"系統對",0,0,0.00624174219055743,0,0
"車子",0,0,0.00624174219055743,0,0
"車分",0,0,0.00624174219055743,0,0
"車用",0,0,0.0124834843811149,0,0
"車到",0,0,0.00624174219055743,0,0
"車則",0,0,0.00624174219055743,0,0
"車載",0,0,0.043692195333902,0,0
"車輛",0,0,0.02132142088528,0,0.00359219591002001
"巡航",0,0,0.00624174219055743,0,0
"使用者",0,0,0.00355357014754667,0,0.00359219591002001
"來說",0,0,0.00396218061379681,0.00180187186837703,0.00200262389719078
"其實",0,0,0.0124834843811149,0,0
"取成",0,0,0.00624174219055743,0,0
"受關",0,0,0.00624174219055743,0,0
"固定",0,0,0.0124834843811149,0,0
"定速巡航",0,0,0.00624174219055743,0,0
"所謂",0,0,0.00624174219055743,0,0
"法規",0,0,0.00624174219055743,0,0
"的布",0,0,0.00624174219055743,0,0
"表示",0,0,0.00624174219055743,0,0
"近忖",0,0,0.00624174219055743,0,0
"近成",0,0,0.00624174219055743,0,0
"近托",0,0,0.00624174219055743,0,0
"近況",0,0,0.00624174219055743,0,0
"長遠",0,0,0.00624174219055743,0,0
"則是",0,0,0.00624174219055743,0,0
"則需",0,0,0.00624174219055743,0,0
"城市規劃",0,0,0.00624174219055743,0,0
"客車",0,0,0.00624174219055743,0,0
"客服",0,0,0.00355357014754667,0.00323209803150944,0
"封閉",0,0,0.00624174219055743,0,0
"政府",0,0,0.00710714029509335,0.0129283921260378,0
"相異",0,0,0.00624174219055743,0,0
"相當",0,0,0.00355357014754667,0.00323209803150944,0
"看似",0,0,0.00624174219055743,0,0
"研發",0,0,0.0124834843811149,0,0
"研擬",0,0,0.0124834843811149,0,0
"要點",0,0,0.00624174219055743,0,0
"重要",0,0,0.00355357014754667,0,0.00359219591002001
"挾孕要",0,0,0.00624174219055743,0,0
"效果",0,0,0.00624174219055743,0,0
"特殊",0,0,0.0124834843811149,0,0
"能力",0,0,0.0124834843811149,0,0
"配備",0,0,0.00624174219055743,0,0
"高等級",0,0,0.00624174219055743,0,0
"停車",0,0,0.00624174219055743,0,0
"動均",0,0,0.00624174219055743,0,0
"區域",0,0,0.00355357014754667,0.00323209803150944,0
"參與",0,0,0.00624174219055743,0,0
"商用",0,0,0.00624174219055743,0,0
"國家",0,0,0.00355357014754667,0.00323209803150944,0
"專用",0,0,0.0124834843811149,0,0
"專用道",0,0,0.00624174219055743,0,0
"強大",0,0,0.00624174219055743,0,0
"強調",0,0,0.00624174219055743,0,0
"惘國",0,0,0.00624174219055743,0,0
"惘裝",0,0,0.00624174219055743,0,0
"惆醚",0,0,0.00624174219055743,0,0
"控制",0,0,0.00624174219055743,0,0
"接管",0,0,0.00624174219055743,0,0
"產囿",0,0,0.00624174219055743,0,0
"眸布",0,0,0.00624174219055743,0,0
"莫不",0,0,0.00624174219055743,0,0
"處理器",0,0,0.00624174219055743,0,0
"販售",0,0,0.00355357014754667,0.00323209803150944,0
"貨運",0,0,0.00624174219055743,0,0
"貨運車",0,0,0.00624174219055743,0,0
"這波產",0,0,0.00624174219055743,0,0
"部份",0,0,0.00624174219055743,0,0
"備有",0,0,0.00624174219055743,0,0
"單位",0,0,0.00355357014754667,0.00323209803150944,0
"場所",0,0,0.0124834843811149,0,0
"晶片",0,0,0.00624174219055743,0,0
"期望",0,0,0.00624174219055743,0,0
"測試",0,0,0.0124834843811149,0,0
"發眸離",0,0,0.00624174219055743,0,0
"短期",0,0,0.00624174219055743,0,0
"短期內",0,0,0.00355357014754667,0,0.00359219591002001
"等級",0,0,0.0686591640961317,0,0
"街道",0,0,0.00624174219055743,0,0
"買單",0,0,0.00624174219055743,0,0
"雲端",0,0,0.00355357014754667,0.00323209803150944,0
"傳輸",0,0,0.00624174219055743,0,0
"僅是",0,0,0.00624174219055743,0,0
"感測器",0,0,0.00624174219055743,0,0
"愈大",0,0,0.00624174219055743,0,0
"搭配",0,0,0.00624174219055743,0,0
"新巧",0,0,0.00624174219055743,0,0
"新布",0,0,0.00624174219055743,0,0
"椰辛",0,0,0.00624174219055743,0,0
"殿展",0,0,0.00624174219055743,0,0
"當在",0,0,0.00624174219055743,0,0
"試乘",0,0,0.00624174219055743,0,0
"路上",0,0,0.00624174219055743,0,0
"路況",0,0,0.00624174219055743,0,0
"路段",0,0,0.0124834843811149,0,0
"運輸工具",0,0,0.00624174219055743,0,0
"雷達",0,0,0.00624174219055743,0,0
"電子",0,0,0.0187252265716723,0,0
"電腦",0,0,0.0499339375244594,0,0
"電影",0,0,0.00624174219055743,0,0
"實淺",0,0,0.00624174219055743,0,0
"實際上",0,0,0.00624174219055743,0,0
"實驗",0,0,0.00624174219055743,0,0
"對於",0,0,0.00710714029509335,0.00646419606301889,0
"熒者",0,0,0.00624174219055743,0,0
"監管",0,0,0.00624174219055743,0,0
"精密",0,0,0.00624174219055743,0,0
"網路",0,0,0.00624174219055743,0,0
"製造商",0,0,0.00624174219055743,0,0
"輔助",0,0,0.0124834843811149,0,0
"障礙",0,0,0.00624174219055743,0,0
"價錢",0,0,0.00624174219055743,0,0
"廠商",0,0,0.0249669687622297,0,0
"數字",0,0,0.00624174219055743,0,0
"模組",0,0,0.0124834843811149,0,0
"範圍",0,0,0.00624174219055743,0,0
"適應",0,0,0.00624174219055743,0,0
"駕駛",0,0,0.0568571223607468,0,0.02514537137014
"學習",0,0,0.00355357014754667,0.00323209803150944,0
"導航系統",0,0,0.00624174219055743,0,0
"擁有",0,0,0.00624174219055743,0,0
"整合式",0,0,0.00624174219055743,0,0
"機楔",0,0,0.00624174219055743,0,0
"隨時",0,0,0.00624174219055743,0,0
"隨著釵",0,0,0.00624174219055743,0,0
"頭籌",0,0,0.00624174219055743,0,0
"優先",0,0,0.00624174219055743,0,0
"購買",0,0,0.00624174219055743,0,0
"還在",0,0,0.00624174219055743,0,0
"還有",0,0,0.00624174219055743,0,0
"穩定性",0,0,0.00624174219055743,0,0
"屬於",0,0,0.00624174219055743,0,0
"變數",0,0,0.00624174219055743,0,0
"3e37",0,0,0,0.00567708580657057,0
"623c",0,0,0,0.00567708580657057,0
"上路",0,0,0,0.00567708580657057,0
"大型",0,0,0,0.00567708580657057,0
"不論是",0,0,0,0.00567708580657057,0
"不錯",0,0,0,0.00567708580657057,0
"中心",0,0,0,0.00567708580657057,0
"中信",0,0,0,0.00567708580657057,0
"丰普",0,0,0,0.00567708580657057,0
"之進",0,0,0,0.00567708580657057,0
"井僂",0,0,0,0.00567708580657057,0
"互五",0,0,0,0.00567708580657057,0
"互補",0,0,0,0.00567708580657057,0
"今日",0,0,0,0.00567708580657057,0
"介肅眾",0,0,0,0.00567708580657057,0
"內容",0,0,0,0.00323209803150944,0.00359219591002001
"內部",0,0,0,0.00567708580657057,0
"公司",0,0,0,0.00567708580657057,0
"分章",0,0,0,0.00567708580657057,0
"分線",0,0,0,0.00567708580657057,0
"引用",0,0,0,0.00567708580657057,0
"手機",0,0,0,0.00567708580657057,0
"支付",0,0,0,0.00969629409452833,0.0179609795501
"方楫",0,0,0,0.00567708580657057,0
"比例",0,0,0,0.00323209803150944,0.00359219591002001
"王道",0,0,0,0.00567708580657057,0
"以忖",0,0,0,0.00567708580657057,0
"可能性",0,0,0,0.00567708580657057,0
"母野",0,0,0,0.00567708580657057,0
"玉山",0,0,0,0.00567708580657057,0
"用戶",0,0,0,0.0113541716131411,0
"先例",0,0,0,0.00567708580657057,0
"多台",0,0,0,0.00567708580657057,0
"多種",0,0,0,0.00567708580657057,0
"如今",0,0,0,0.0113541716131411,0
"如同",0,0,0,0.00567708580657057,0
"存取",0,0,0,0.00567708580657057,0
"存款",0,0,0,0.00567708580657057,0
"安排",0,0,0,0.00567708580657057,0
"百貨",0,0,0,0.0113541716131411,0
"而生",0,0,0,0.00567708580657057,0
"行為表",0,0,0,0.00567708580657057,0
"行員",0,0,0,0.00567708580657057,0
"行歲",0,0,0,0.00567708580657057,0
"西方",0,0,0,0.00567708580657057,0
"住房",0,0,0,0.00567708580657057,0
"佐證",0,0,0,0.00567708580657057,0
"利潤",0,0,0,0.00567708580657057,0
"完整",0,0,0,0.00567708580657057,0
"局面",0,0,0,0.0113541716131411,0
"每月",0,0,0,0.00567708580657057,0
"角度",0,0,0,0.00567708580657057,0
"身分",0,0,0,0.0227083432262823,0
"依據",0,0,0,0.00323209803150944,0.00359219591002001
"來看",0,0,0,0.00567708580657057,0
"來電",0,0,0,0.0113541716131411,0
"受惠",0,0,0,0.00567708580657057,0
"或野妞",0,0,0,0.00567708580657057,0
"法人",0,0,0,0.00567708580657057,0
"法案",0,0,0,0.00567708580657057,0
"的汛",0,0,0,0.00567708580657057,0
"的筆",0,0,0,0.00567708580657057,0
"芝麻",0,0,0,0.00567708580657057,0
"金服",0,0,0,0.00567708580657057,0
"長度",0,0,0,0.00567708580657057,0
"信用",0,0,0,0.0227083432262823,0
"便利性",0,0,0,0.00567708580657057,0
"客戶",0,0,0,0.0258567842520755,0.00359219591002001
"客戶服務",0,0,0,0.0113541716131411,0
"客源",0,0,0,0.00567708580657057,0
"怎樣",0,0,0,0.00567708580657057,0
"指令",0,0,0,0.00567708580657057,0
"政策",0,0,0,0.0113541716131411,0
"流絨計",0,0,0,0.00567708580657057,0
"洶湧",0,0,0,0.00567708580657057,0
"省去",0,0,0,0.0113541716131411,0
"若能",0,0,0,0.00567708580657057,0
"要求",0,0,0,0.0113541716131411,0
"負債",0,0,0,0.00567708580657057,0
"負擔",0,0,0,0.00567708580657057,0
"重複",0,0,0,0.00567708580657057,0
"值得",0,0,0,0.0113541716131411,0
"借鏡",0,0,0,0.00567708580657057,0
"個人",0,0,0,0.00567708580657057,0
"個體經濟",0,0,0,0.00567708580657057,0
"修正",0,0,0,0.00567708580657057,0
"時段",0,0,0,0.00323209803150944,0.00359219591002001
"租用",0,0,0,0.00567708580657057,0
"租車",0,0,0,0.00567708580657057,0
"酒店",0,0,0,0.00567708580657057,0
"偎信",0,0,0,0.00567708580657057,0
"偵測",0,0,0,0.00567708580657057,0
"參考",0,0,0,0.00567708580657057,0
"商機",0,0,0,0.00323209803150944,0.00718439182004001
"問題",0,0,0,0.00567708580657057,0
"國泰",0,0,0,0.00567708580657057,0
"密碼",0,0,0,0.00646419606301889,0.00359219591002001
"將可",0,0,0,0.00567708580657057,0
"將隊",0,0,0,0.00567708580657057,0
"將楔",0,0,0,0.00567708580657057,0
"將機",0,0,0,0.00567708580657057,0
"帶給",0,0,0,0.00567708580657057,0
"接觸",0,0,0,0.00567708580657057,0
"推薦",0,0,0,0.00567708580657057,0
"授權",0,0,0,0.00323209803150944,0.00359219591002001
"排班",0,0,0,0.00567708580657057,0
"教辰練",0,0,0,0.00567708580657057,0
"產楚",0,0,0,0.00567708580657057,0
"產楔",0,0,0,0.00323209803150944,0.00359219591002001
"產椰謀",0,0,0,0.00567708580657057,0
"產楊",0,0,0,0.00567708580657057,0
"產楫瑪烈",0,0,0,0.00567708580657057,0
"痊選",0,0,0,0.00567708580657057,0
"第二號",0,0,0,0.00567708580657057,0
"統計",0,0,0,0.00567708580657057,0
"累積",0,0,0,0.0113541716131411,0
"被隆",0,0,0,0.00567708580657057,0
"這些",0,0,0,0.0113541716131411,0
"這股",0,0,0,0.00567708580657057,0
"這座",0,0,0,0.00567708580657057,0
"通話",0,0,0,0.0113541716131411,0
"都將",0,0,0,0.00567708580657057,0
"最低",0,0,0,0.00567708580657057,0
"最重",0,0,0,0.00567708580657057,0
"最高",0,0,0,0.0113541716131411,0
"凱基",0,0,0,0.00567708580657057,0
"尋求",0,0,0,0.00567708580657057,0
"就是",0,0,0,0.00567708580657057,0
"普遍",0,0,0,0.0113541716131411,0
"期待",0,0,0,0.00323209803150944,0.00359219591002001
"登錄",0,0,0,0.00567708580657057,0
"結果",0,0,0,0.00567708580657057,0
"給予",0,0,0,0.00567708580657057,0
"註冊",0,0,0,0.00567708580657057,0
"評分",0,0,0,0.0113541716131411,0
"評等",0,0,0,0.0113541716131411,0
"詐欺",0,0,0,0.00567708580657057,0
"貸款",0,0,0,0.00567708580657057,0
"超過",0,0,0,0.0113541716131411,0
"鄉鎮",0,0,0,0.00567708580657057,0
"隊廙",0,0,0,0.00567708580657057,0
"隆隆",0,0,0,0.00567708580657057,0
"募資",0,0,0,0.00567708580657057,0
"微創",0,0,0,0.00567708580657057,0
"愈來愈",0,0,0,0.00323209803150944,0.00359219591002001
"愈來愈多",0,0,0,0.00567708580657057,0
"新進人員",0,0,0,0.00567708580657057,0
"楚群眾",0,0,0,0.00567708580657057,0
"椰孚",0,0,0,0.00567708580657057,0
"概鋮",0,0,0,0.00567708580657057,0
"歲福",0,0,0,0.00567708580657057,0
"毀握",0,0,0,0.00567708580657057,0
"溯霽釵",0,0,0,0.00567708580657057,0
"瑞典",0,0,0,0.0113541716131411,0
"萬人次",0,0,0,0.00567708580657057,0
"經手",0,0,0,0.00567708580657057,0
"經曳",0,0,0,0.00567708580657057,0
"話務",0,0,0,0.00567708580657057,0
"跨殿眺",0,0,0,0.00567708580657057,0
"過隆",0,0,0,0.00567708580657057,0
"過種",0,0,0,0.00567708580657057,0
"電子商務",0,0,0,0.00567708580657057,0
"零售",0,0,0,0.0113541716131411,0
"預測",0,0,0,0.0113541716131411,0
"旗下",0,0,0,0.00567708580657057,0
"演變",0,0,0,0.00567708580657057,0
"滿足",0,0,0,0.00567708580657057,0
"種類",0,0,0,0.00567708580657057,0
"管理",0,0,0,0.00323209803150944,0.00359219591002001
"與其",0,0,0,0.00567708580657057,0
"語音",0,0,0,0.00567708580657057,0
"辣馬",0,0,0,0.00567708580657057,0
"酵狳",0,0,0,0.00567708580657057,0
"酵珙馬",0,0,0,0.00567708580657057,0
"酵珥",0,0,0,0.00567708580657057,0
"數據",0,0,0,0.0484814704726417,0.0179609795501
"數據分析",0,0,0,0.00567708580657057,0
"模型",0,0,0,0.00567708580657057,0
"歐盟",0,0,0,0.00567708580657057,0
"潛力",0,0,0,0.00567708580657057,0
"學術研究",0,0,0,0.00567708580657057,0
"學費",0,0,0,0.00567708580657057,0
"機器",0,0,0,0.00567708580657057,0
"積電",0,0,0,0.00567708580657057,0
"縣市",0,0,0,0.00567708580657057,0
"螞蟻",0,0,0,0.00567708580657057,0
"輸入",0,0,0,0.00567708580657057,0
"錢戊",0,0,0,0.00567708580657057,0
"錢潮",0,0,0,0.00567708580657057,0
"隨著",0,0,0,0.00646419606301889,0.00359219591002001
"尷熙",0,0,0,0.00567708580657057,0
"濟及",0,0,0,0.00567708580657057,0
"購物",0,0,0,0.00567708580657057,0
"趨勢",0,0,0,0.0113541716131411,0
"禮服",0,0,0,0.00567708580657057,0
"簡單",0,0,0,0.00567708580657057,0
"豐碩",0,0,0,0.00567708580657057,0
"證券商",0,0,0,0.00567708580657057,0
"嚴格",0,0,0,0.00567708580657057,0
"礦山",0,0,0,0.0113541716131411,0
"競爭",0,0,0,0.00567708580657057,0
"變得",0,0,0,0.00567708580657057,0
"上半式",0,0,0,0,0.00630958721436783
"中所",0,0,0,0,0.00630958721436783
"元式",0,0,0,0,0.00630958721436783
"反映",0,0,0,0,0.00630958721436783
"反應",0,0,0,0,0.00630958721436783
"引進",0,0,0,0,0.00630958721436783
"心臟",0,0,0,0,0.00630958721436783
"方案",0,0,0,0,0.0126191744287357
"比較",0,0,0,0,0.00630958721436783
"可期",0,0,0,0,0.00630958721436783
"巨大",0,0,0,0,0.00630958721436783
"布局",0,0,0,0,0.00630958721436783
"本人",0,0,0,0,0.00630958721436783
"合孜發",0,0,0,0,0.00630958721436783
"多元",0,0,0,0,0.00630958721436783
"旬嚏",0,0,0,0,0.00630958721436783
"行為",0,0,0,0,0.00630958721436783
"行動",0,0,0,0,0.0252383488574713
"但釵",0,0,0,0,0.00630958721436783
"即可",0,0,0,0,0.0126191744287357
"快速",0,0,0,0,0.00630958721436783
"更替",0,0,0,0,0.00630958721436783
"求新",0,0,0,0,0.00630958721436783
"求變",0,0,0,0,0.00630958721436783
"決定",0,0,0,0,0.00630958721436783
"汽車廠",0,0,0,0,0.00630958721436783
"車主",0,0,0,0,0.00630958721436783
"車險",0,0,0,0,0.0315479360718392
"並不高",0,0,0,0,0.00630958721436783
"使得",0,0,0,0,0.00630958721436783
"取決",0,0,0,0,0.00630958721436783
"性別",0,0,0,0,0.00630958721436783
"服務供應商",0,0,0,0,0.00630958721436783
"爭鳴",0,0,0,0,0.00630958721436783
"近來",0,0,0,0,0.00630958721436783
"金錢",0,0,0,0,0.00630958721436783
"便利",0,0,0,0,0.00630958721436783
"保險費",0,0,0,0,0.00630958721436783
"指紋",0,0,0,0,0.00630958721436783
"挑戰",0,0,0,0,0.0126191744287357
"相較",0,0,0,0,0.00630958721436783
"穿戴",0,0,0,0,0.0126191744287357
"虹膜",0,0,0,0,0.00630958721436783
"計費",0,0,0,0,0.00630958721436783
"訂製",0,0,0,0,0.00630958721436783
"訂價",0,0,0,0,0.00630958721436783
"個別",0,0,0,0,0.0126191744287357
"時代",0,0,0,0,0.00630958721436783
"浪潮",0,0,0,0,0.0189287616431035
"消費",0,0,0,0,0.00630958721436783
"真正",0,0,0,0,0.00630958721436783
"真實",0,0,0,0,0.00630958721436783
"健康",0,0,0,0,0.0189287616431035
"動態",0,0,0,0,0.0126191744287357
"商滂",0,0,0,0,0.00630958721436783
"專利",0,0,0,0,0.00630958721436783
"推動",0,0,0,0,0.00630958721436783
"牽涉",0,0,0,0,0.00630958721436783
"符合實際",0,0,0,0,0.00630958721436783
"習慣",0,0,0,0,0.0126191744287357
"這波",0,0,0,0,0.00630958721436783
"通悼",0,0,0,0,0.00630958721436783
"最近",0,0,0,0,0.00630958721436783
"揭露",0,0,0,0,0.00630958721436783
"普及",0,0,0,0,0.00630958721436783
"無論是",0,0,0,0,0.00630958721436783
"量身",0,0,0,0,0.00630958721436783
"搶攻",0,0,0,0,0.00630958721436783
"楹熒",0,0,0,0,0.00630958721436783
"殿巨",0,0,0,0,0.00630958721436783
"煞車",0,0,0,0,0.00630958721436783
"經捧",0,0,0,0,0.00630958721436783
"經歷",0,0,0,0,0.00630958721436783
"裝置",0,0,0,0,0.0189287616431035
"資料",0,0,0,0,0.00630958721436783
"違規",0,0,0,0,0.00630958721436783
"實質",0,0,0,0,0.00630958721436783
"對民眾",0,0,0,0,0.00630958721436783
"監測",0,0,0,0,0.00630958721436783
"稱之為",0,0,0,0,0.00630958721436783
"精準",0,0,0,0,0.00630958721436783
"肇禍",0,0,0,0,0.00630958721436783
"與物",0,0,0,0,0.00630958721436783
"輕量",0,0,0,0,0.00630958721436783
"遠超過",0,0,0,0,0.00630958721436783
"增幼",0,0,0,0,0.00630958721436783
"層面",0,0,0,0,0.00630958721436783
"彈性",0,0,0,0,0.00630958721436783
"潮流",0,0,0,0,0.00630958721436783
"熱門",0,0,0,0,0.00630958721436783
"確實",0,0,0,0,0.00630958721436783
"諸多",0,0,0,0,0.00630958721436783
"整體",0,0,0,0,0.00630958721436783
"積極",0,0,0,0,0.00630958721436783
"靜態",0,0,0,0,0.00630958721436783
"優惠",0,0,0,0,0.00630958721436783
"聯合",0,0,0,0,0.00630958721436783
"聯網",0,0,0,0,0.0189287616431035
"臉部",0,0,0,0,0.00630958721436783
"雖然",0,0,0,0,0.00630958721436783
"擴及",0,0,0,0,0.0126191744287357
"轉化",0,0,0,0,0.00630958721436783
"醫療",0,0,0,0,0.00630958721436783
"醫療機構",0,0,0,0,0.00630958721436783
"蘆務楹",0,0,0,0,0.00630958721436783
"變化",0,0,0,0,0.00630958721436783
"變革",0,0,0,0,0.0126191744287357
